x,y,class
-0.2009307959900508,-0.07431707199491665,0
0.05366508869940173,0.14620683728350922,0
-0.1577876594644003,0.05631986244410439,0
-0.005849985689073481,-0.21105905513198542,0
0.05396022253773186,-0.031142861064139,0
-0.2487892605236614,0.17586108099631154,0
-0.03139350526276513,-0.25050775046752655,0
0.45958443432798257,0.254335505165558,0
0.24070821968308082,0.17514093216847013,0
0.27487001879275325,0.193556579042712,0
0.3623126747301629,0.08962204429550344,0
0.09936431296568535,0.2038780855340681,0
0.3930620429986911,0.029942548030379025,0
0.3813986151219836,0.14963800618134596,0
0.33835061535330174,0.1069644356898727,0
0.4366701498543805,0.20095854304343808,0
0.5537368239777631,0.20981317524470733,0
0.45135403531107043,-0.007338725529818679,0
0.3632042077824766,0.2205559419604889,0
0.5436876496435581,0.18477428767567536,0
0.32298823295463486,0.37989101797530167,0
0.7370753335111292,0.14657015544408555,0
0.5945046081364296,0.36290605248846963,0
0.4465617054222837,0.7384667065901256,0
0.7815201441765672,0.40929872709720394,0
0.6111089450139157,0.32956252855000867,0
0.5816839654824832,0.6278164024266187,0
0.54758067545563,0.5086949621927647,0
0.509277443398875,0.48078579481978284,0
0.03212406610350793,0.2811125267582784,0
0.7220537657311158,0.4204252552865788,0
0.6645079159247264,0.7208195940458153,0
0.48868924935944635,1.0058823885292512,0
0.53716796703292,0.9361957297444834,0
0.8165908992427389,0.5654465976957787,0
0.2388386490555947,0.6748367345143464,0
0.021132259440345802,0.4703573310451998,0
0.7751184454911381,1.0739834558499577,0
0.4818320727726285,0.8451020591557515,0
0.7692670139191579,0.7313000514800974,0
0.4381792141279433,0.8192735967503906,0
0.6917743150384676,0.7943497852281876,0
0.7849406172024767,0.9694447254205889,0
0.8946598037635307,1.21463105792096,0
0.06388486230276302,1.0898196704819358,0
0.5366592556178207,0.7729346634869529,0
0.3751868047157717,1.2899898573009843,0
0.6883209953619525,1.398282403811899,0
0.31792450258099025,0.7105224770870808,0
0.2635349043173616,1.304110501298937,0
0.26109726424596913,1.0446978151702926,0
-0.06912551154925295,1.2755557594887919,0
0.12056352857308378,1.0511218275688012,0
0.1619793419870182,1.1823843976016073,0
0.2961646965220546,0.9597562564230978,0
0.5373231947677385,1.5030820370601334,0
0.13691240460489856,1.136191546904743,0
0.33576357850465666,1.4749812018676018,0
0.27853726922017025,1.4594907969644606,0
0.07446284584520771,1.259364968044821,0
0.18952989331382503,1.3676464821575827,0
-0.09769974085650576,1.5562669061266865,0
0.2464561723047761,1.5641717597531735,0
0.13139749225701883,1.6127243732983598,0
0.3275375873585074,1.6688970325800394,0
-0.15581407766959,1.5340189712820815,0
-0.2315738106563626,1.321722846164397,0
-0.4190120598548621,1.713938265744426,0
-0.0064683213091885905,1.438706545369903,0
-0.4402662989501988,1.7948880618210816,0
-0.3995341664937083,2.0206400041341674,0
-0.2975598203200986,1.754288716184106,0
-0.19029414891197355,1.612081881475672,0
-0.6893339789894801,1.6343368643792475,0
-0.6658241913656261,2.110954659817717,0
-0.38623228864618186,1.873187081484151,0
-0.592039616785747,2.526821700681266,0
-0.7128382506924125,2.130256448210776,0
-0.6134004418037147,1.6049101962383856,0
-1.0159358503560043,1.4753062798713776,0
-0.7902247153541766,1.7983754098111964,0
-1.0653679714597983,1.7355162596240508,0
-0.9605183282767226,2.1258722001822807,0
-0.9088077177859286,1.9396576879554654,0
-1.2857315241926335,1.964288129739432,0
-1.3855874004647155,1.7863502290264728,0
-0.843058677751315,1.8646687457546118,0
-1.4787481305037944,1.7777494593246197,0
-1.5120710868119303,1.750283587858718,0
-1.7457570834901535,1.7955246329713066,0
-1.6390995139766709,1.7996857181819037,0
-1.6389064737092975,1.7795835609643438,0
-1.5874786232933593,1.4056272746367549,0
-1.485360817510312,1.592630151713485,0
-1.8454129770329086,1.65891830249034,0
-1.6736086333888023,1.7071077609671887,0
-1.7223433442477365,1.6782023714732763,0
-1.5996237540118179,1.985746503239474,0
-2.0610961523440876,1.6296188161544918,0
-2.3538896867401817,1.6497168534015654,0
-2.028555908362619,1.5786285851204584,0
-2.1924243844076234,1.095250245727327,0
-2.2738383841392964,1.052948421086076,0
-2.3350201082928956,1.5181202231513482,0
-2.111341539909265,1.2305373823082622,0
-2.286964554006386,1.277921570275124,0
-2.631633046368305,1.5436421982899506,0
-2.3635614216786793,1.101623316686248,0
-2.285186396197399,1.1051251678705571,0
-2.591916201587636,1.4374176170902393,0
-2.7012083172923846,1.0649988777697432,0
-2.592249168738399,1.1667430583264267,0
-2.366738866469861,0.7899747615222681,0
-2.37206522218405,0.6533576710465601,0
-2.876686235554403,0.742114185088553,0
-2.7905972733943827,0.9148692349889664,0
-2.506971113661474,1.0006680129803807,0
-2.756166650520374,0.8894389451354209,0
-2.5783677057426195,0.23869588064837471,0
-2.567272592357963,0.5812983780634474,0
-2.887536422827646,0.4059585922507468,0
-2.8997858431406103,0.3093023166074335,0
-3.327028251443199,-0.1995985738568084,0
-3.3393485422760585,0.07834833986438766,0
-3.068687015334771,-0.06752205652791246,0
-3.2817500149022885,0.0849029550199638,0
-3.1439516862259183,0.09801959020694072,0
-3.2467446253269263,-0.22801963662601604,0
-3.078133319123534,-0.128180770786858,0
-3.01524138607333,-0.694112316993664,0
-2.880766502664554,-0.38111029379739614,0
-3.152077977640107,-0.6783000876852014,0
-3.5716711852248806,-0.7598761761470852,0
-3.0524207922900306,-0.9189880450428052,0
-3.217270040931263,-0.7422889655571732,0
-3.499403296777638,-0.8116568762376545,0
-3.2566560474223234,-0.859784399455882,0
-2.93822861819452,-1.208060467656479,0
-3.451498940137991,-0.8734649541595649,0
-3.6402322807999727,-1.2446599691702602,0
-3.333439310951404,-1.589500804985817,0
-3.3024035316655977,-1.283788273773573,0
-3.076407739009535,-1.541837313174859,0
-3.3271085685589252,-1.7548991606117184,0
-3.3021959728257237,-1.3747550003706368,0
-3.2453150675494924,-1.6198810622640203,0
-3.4094027856440943,-1.8846782076068131,0
-2.9291483086102925,-1.954485825212317,0
-3.074494453630488,-1.9995360544106993,0
-3.247815112786489,-1.9089007924854886,0
-2.9640410506935466,-2.292795246194978,0
-3.2939822626992403,-2.471732214607132,0
-2.7541767312142023,-2.469253767119867,0
-2.9207123914538857,-2.6229941433291675,0
-2.895700389243731,-1.9873185212295232,0
-3.208097578640728,-2.76779337183549,0
-2.8823415872046376,-3.1676257999848088,0
-2.7589124841720305,-2.976566132981116,0
-2.408684742835645,-3.092612308369271,0
-2.7057510862286986,-3.168669454557475,0
-2.8994266748476423,-3.1840132900375733,0
-2.7214824884846647,-3.0929436255012135,0
-2.552201073696433,-3.403407921809851,0
-2.1256915818402966,-3.2714316535600645,0
-2.319065377243549,-3.5414330179731768,0
-2.4081821940182744,-3.77330691921484,0
-1.9339663372714124,-3.694637052167996,0
-2.2624820900565754,-3.6159203323146025,0
-1.6555947640559119,-4.014087639809673,0
-1.7613097791601136,-3.850136721565648,0
-1.6849392351356522,-3.735057949714063,0
-1.5079783309379633,-4.057757619743315,0
-1.5813396679587868,-3.727625736803408,0
-1.342820265535062,-3.997304703525147,0
-1.3183941379544386,-4.182718985840765,0
-1.3619831686125674,-4.445638492687624,0
-1.2431076868048716,-4.291564351414527,0
-1.1277673072429744,-4.452858484704782,0
-0.6847861519588658,-4.279824998874914,0
-1.0120695181044619,-4.465428972667223,0
-1.0591805098611036,-4.853613182572013,0
-0.46316646980214515,-4.583554460537572,0
-0.6151581750291727,-4.190128254764635,0
-0.8763115025748146,-4.581028938401326,0
-0.4761772708517549,-4.1014162686418505,0
-0.18100041106524936,-4.74240284703865,0
-0.18093171981180672,-4.766584394725101,0
0.5951130179212848,-4.797583363365828,0
0.31377420341361106,-4.959117164865438,0
0.5392207354543902,-4.845023646031521,0
0.26972598766344813,-4.804937608910119,0
0.6240845594643443,-4.944928777300256,0
0.5211938986911443,-5.016434557078225,0
0.8754275298087133,-4.731651628497067,0
1.0938827383347878,-4.840648828926698,0
0.9530170096702182,-4.6858036028660095,0
1.2782210109993821,-4.7619804106658945,0
1.424123150020197,-4.665149904019058,0
1.3120199649083806,-4.669081985096098,0
1.4107898890231703,-4.94190970931772,0
1.6390075091989658,-4.5310136366153255,0
1.4014940573372536,-4.598480771766046,0
1.8836226261498836,-4.375379199702646,0
1.8251423684133088,-4.791090597931928,0
2.0785469983407405,-4.915931740581001,0
1.9818103859086862,-4.507483740736962,0
2.3513474989992766,-4.670640234512619,0
2.69057330669731,-4.309899907546412,0
2.291653184505359,-4.945676902561228,0
2.773333149868349,-4.505603485607537,0
2.6186508545664404,-4.243391112639485,0
3.059005497259427,-4.525796241481143,0
3.141790316698135,-4.324894424943184,0
3.0525853373269305,-4.089182292282611,0
3.3632763122395484,-4.483733990482147,0
3.422920591804992,-3.952218502232321,0
3.7445132780530868,-3.9262102780257555,0
3.980601538836802,-3.9258350037896625,0
4.1896785230427325,-3.7170905061109636,0
4.084327472328075,-4.090569146769755,0
4.193452784363966,-3.987243704073002,0
4.287098309705203,-3.610439119863029,0
4.396444405738762,-3.494099351991129,0
4.430500188340374,-3.2408260357207057,0
4.476948624746154,-3.4795679892619873,0
4.678777316897817,-3.3623906667751857,0
4.17709866414047,-2.9416198166356753,0
5.070430085581414,-3.156103466145791,0
5.129608175606193,-3.0569492435182535,0
4.9932755664356625,-3.0178846155706585,0
5.054822382350238,-2.89634749275819,0
5.005051656565631,-2.3950439908710877,0
5.462918596812651,-2.4809306718027813,0
5.379727068147045,-2.654043723979876,0
5.417454638448625,-2.169299324787786,0
5.497874166273468,-1.8190337957167992,0
5.559126933091317,-1.866254314977815,0
5.91059466663621,-2.147327235975557,0
5.819426484032503,-1.7589455007902561,0
5.879040468556134,-1.4743808789568076,0
5.715974699799612,-1.9462813870009121,0
5.860550336984395,-1.0363367652547884,0
6.155638208407709,-0.8965165418605078,0
6.264460204425385,-1.2322406837670714,0
6.136330652660176,-1.083624264960147,0
6.098848306410471,-0.9111931257718444,0
6.365999222478174,-0.2187510742854849,0
6.627397789720282,-0.3114787089085018,0
6.224420740992676,0.18719392089941134,0
6.1839848589903434,-0.3880627220803276,0
6.335489560355915,0.01568500808277183,0
6.696734043568576,0.23682370918693532,0
6.2828516410573725,0.5510969801222659,0
6.2515469791705565,0.637526052436701,0
6.2975932476520615,0.47073620849132175,0
6.398098337593267,1.0044746648208367,0
6.482435328341498,0.8020912462556994,0
6.308418792170136,1.1999262165317268,0
6.419529995498864,1.3678564369989712,0
6.273657655085945,1.5921457752680677,0
6.335097845841854,1.78223206734724,0
6.592821536045866,1.7483901450449295,0
6.214766107484808,2.1422381340257055,0
6.194255789124616,2.2226066721503304,0
6.351918683140649,1.9190952573572173,0
5.8686767581870285,2.358323862819449,0
5.999816137632689,2.734525286498239,0
5.918758833003547,2.58464535963794,0
6.350569494568804,3.1055013131863975,0
5.834123043385424,2.937123307875034,0
6.054870768426064,3.4724227606705886,0
5.436836687773624,3.621458677381112,0
5.7293070841803395,3.7621343884425915,0
5.714121267848035,3.9479917436501055,0
5.7060272366550775,4.0179429838469725,0
5.711733380807903,4.183195272526052,0
5.549733743807584,4.273525507078036,0
5.468256039553627,4.849282552373629,0
5.384801629762184,4.175067554649234,0
5.3874711240548105,4.503378286724664,0
4.623894448649171,4.6168603293074515,0
5.406270147949874,4.88895851192078,0
5.0972983783512005,5.098524252831547,0
4.651526669642628,5.3733138178903035,0
4.641064683671356,5.257951450232462,0
4.72349024340474,5.537688585617152,0
4.1781603704347114,5.9486041737386195,0
4.093466054189091,6.087758015268309,0
3.9697554428272923,5.643123655864361,0
3.974579049545823,6.251349820652479,0
3.4041927260197755,6.552227463931381,0
3.5605378817375466,6.1297445323869395,0
3.493792761570806,6.1878643549653765,0
3.613405102562336,6.527014482218593,0
3.147051300893919,6.722868651611092,0
3.2913772907584673,6.325302409709058,0
2.7218488458151304,6.794712793348746,0
2.9528180617458766,7.532340139028317,0
2.62197514590968,6.967919213278882,0
2.438099460105531,6.883545609023186,0
2.1615088222457506,7.3468886284976795,0
2.3075368050703617,7.453625078550328,0
2.0419824454682316,7.072944340113134,0
1.650523634669676,7.394122560348035,0
1.8951137482223268,6.756078503973759,0
1.401614992172629,7.768007818018654,0
1.1852063871930814,7.5284608986359345,0
1.193022376293194,7.626423964815089,0
0.34488392862907136,7.492380539695937,0
0.22354557982363932,7.719899920578791,0
0.31341293520199687,7.923864870067939,0
-0.06331519585269174,7.877027108692116,0
0.24367120038899612,7.932865667840571,0
-0.2867305642059539,7.657382724330058,0
-0.2783151982421278,7.717408675538264,0
-0.5872139104809614,8.2925482115658,0
-0.889321845626779,7.914116105977337,0
-0.8223599442219516,7.8923257693562014,0
-1.3867953457995599,8.09215350650372,0
-1.6847315171061275,7.8001204894270515,0
-1.834985221409006,8.222629397869442,0
-1.509313422029751,7.690234495948068,0
-2.0335531946360326,7.9213612761591365,0
-2.375045057953214,7.931706392628757,0
-2.429717771747079,8.221126274095909,0
-2.9064174152820312,7.678574452794955,0
-2.5630100969688745,8.046161796004704,0
-2.9265993642373753,7.1845706757965635,0
-3.168284783436443,7.713170293867586,0
-3.3045055288786944,7.55138471824767,0
-3.8602695180872924,7.078550264080631,0
-3.437046847391887,7.192920158661901,0
-4.177523168271574,6.980071306789836,0
-4.180070661467913,7.124608492035507,0
-4.306368460611088,6.850930128279366,0
-4.7213092007506505,7.208091940260327,0
-4.900051847134577,6.957501072352125,0
-4.882653279593734,6.691001981405121,0
-4.9243245806323355,6.706555311149174,0
-5.09277634890172,6.632948272226778,0
-5.405160690212146,6.3644345714756545,0
-5.976162574095801,6.22054549618839,0
-5.9852489935966835,6.410137559711568,0
-5.9870222512621165,6.063718584752093,0
-6.454701816321138,5.8993757588179045,0
-6.705085948014278,5.731954238726184,0
-6.551028716687072,5.418521496156461,0
-6.299551021275288,5.696251628778529,0
-6.8160717231359875,5.0943592139144,0
-7.07253976744361,5.011265629456056,0
-7.366586862509506,5.202919222023883,0
-7.688271466217557,5.104042303368839,0
-7.325624509894585,5.0209550603749955,0
-7.636534718230247,4.7385927258056935,0
-7.982583352716562,4.2812621272672615,0
-7.8609344945618185,4.550863464431947,0
-7.802110672931782,4.057489571615115,0
-8.149711610844829,3.7281229262427904,0
-8.058925191745981,3.359691034862923,0
-8.192733108054508,2.8220948727678095,0
-8.284804659827655,3.1495351225534436,0
-8.785826259847758,2.9293446167731862,0
-8.684440134662633,2.6773566952998697,0
-8.530580094117754,2.5988136409297247,0
-8.424700404686984,2.198141084617997,0
-9.201742767943925,2.3710261206468544,0
-8.78074379082758,2.244663283094961,0
-9.186133375611357,1.7387194795861842,0
-9.377862355024575,1.4433731150803693,0
-9.39917095857037,1.624782607836909,0
-9.505790688232942,0.7676368250173372,0
-9.2578877701235,0.7226506741375389,0
-9.3395960281242,0.4885678271580965,0
-9.244262388951041,0.6561472380806803,0
-9.374547021372095,0.0408747834354344,0
-9.30907453726641,-0.46638659817578204,0
-9.56553605508059,-0.42684902539086933,0
-9.375590193922203,-0.529450593127982,0
-9.38306179593544,-0.7684291338266513,0
-9.844779365584674,-1.5293475789999005,0
-9.432692442241857,-1.1230395828882433,0
-9.536320840416526,-1.8312391644018102,0
-9.190655895171176,-2.2894244948196265,0
-9.44955503566891,-2.181915743018119,0
-9.628114073024072,-2.6542998108210596,0
-9.438220745134185,-2.5926958805329416,0
-9.272217092279936,-2.732915615148357,0
-9.14310393080656,-3.207700765702102,0
-9.566641428447838,-2.8916334886870447,0
-9.124241468631084,-3.2809425156392065,0
-9.09366689854763,-4.086207122237269,0
-9.200648709163794,-3.9013253071228524,0
-8.807369770155706,-3.8630288799722567,0
-8.791660378953871,-4.7904942002329305,0
-8.666838435023283,-4.44014798329998,0
-8.594898344937295,-4.931508823517035,0
-8.328890559649086,-5.243338090298227,0
-8.577618858695995,-4.989011282561916,0
-8.185202948148275,-5.8663348567372955,0
-8.214330872928242,-5.6447633356707865,0
-8.046631305644754,-5.9545011135628565,0
-8.087238981684173,-6.201090452167624,0
-7.958319275711621,-6.389257936859772,0
-7.683354356760038,-6.8159146740461125,0
-7.384977014091702,-7.051275924886427,0
-7.310239918570264,-7.143354645842277,0
-7.274713790571877,-7.146659017603689,0
-7.204796006169703,-7.751381321413608,0
-7.014393962931541,-7.867261720076936,0
-6.5418793943398486,-7.8661377606183445,0
-6.613646998129944,-8.24932198294619,0
-6.531144736996511,-8.10427859702445,0
-6.407140506056842,-8.581671803520173,0
-5.886806038583799,-8.642108786726903,0
-5.432460089757947,-8.942001626973871,0
-5.083298806130726,-9.089038419691065,0
-5.078518934199618,-9.025584547671754,0
-4.845697349368676,-9.156161524466691,0
-4.770942028315567,-9.121884616264515,0
-4.439784949860797,-9.50481771528686,0
-4.588796446396998,-9.812625614549308,0
-3.9567144868654536,-9.82227740147216,0
-3.80615901108916,-10.46296022348805,0
-3.596056838670704,-10.011467856666536,0
-3.7424645228961793,-10.117317778855542,0
-3.062113399594101,-10.25697048900883,0
-2.57682117074695,-10.528871271929011,0
-2.4208678332915867,-9.897031461745298,0
-2.174382328396617,-10.407757701397097,0
-2.0702324027523122,-10.6019346255302,0
-1.9225512374385856,-10.924314837206227,0
-1.5201715024862024,-10.440774910097756,0
-1.3059697877255714,-10.734837552171083,0
-0.7604517245899565,-11.134268963503198,0
-0.7169440022651652,-10.861763129909313,0
-0.4055689488564988,-11.1177411968996,0
-0.4290772223961611,-10.78903403113409,0
0.16004070900197304,-10.885906034629206,0
0.5611951277961928,-10.69211542279531,0
0.891157582069793,-10.972767380270655,0
0.7031673486599592,-11.081007808096956,0
1.1758708356157432,-11.022785862276146,0
1.8284695534966593,-10.942201445124075,0
1.9720042782187792,-10.900608131683589,0
2.2142086699735835,-11.030829295982267,0
2.126582789466877,-11.161889573225995,0
2.5952943016208603,-11.03546660077421,0
2.9284018810466765,-10.886848330466343,0
2.8701926991438897,-11.179830054576929,0
3.616367126617747,-10.672761589141311,0
3.6807716619684347,-10.748350864213673,0
3.944277593855752,-10.584864206261933,0
4.026552455143099,-10.52700599268661,0
4.777740540943234,-10.399772488981364,0
4.937046791735397,-10.656017418092267,0
4.924697639203065,-10.236638970764215,0
5.139915717278815,-10.039202117233406,0
5.666040153971129,-10.18223165345745,0
5.914757181273111,-10.178851374926406,0
5.7693933279818195,-9.972020934913758,0
6.589335404453526,-9.508214537557118,0
6.765883039435056,-9.635576120181614,0
7.054969704784949,-9.220467362184873,0
7.2571808819168675,-9.07558171436328,0
7.495621232294688,-8.850214253652297,0
7.501853395060422,-8.673154853542671,0
7.809379894630109,-8.430167244970656,0
8.051952892085446,-8.29336228213752,0
8.278526876022436,-8.540807683861143,0
8.824567808910054,-8.20743486128313,0
8.87892540448245,-7.781172220027747,0
8.838025504637502,-7.413369177338298,0
9.369353263414123,-7.475822500815174,0
9.735827222659077,-7.16042904982593,0
10.011039704200567,-7.030776267157393,0
9.857907615402222,-6.768027660505958,0
10.337131895029042,-6.0752997220945755,0
10.091617036187667,-6.373185005047397,0
10.055688180185307,-5.94846164254514,0
10.570111571987278,-5.847603074486765,0
10.353300701882306,-5.278066677797519,0
10.672525614487254,-5.127383017268509,0
11.074832416113804,-4.785344969344526,0
11.272867094472716,-4.725394376079445,0
11.174811381808428,-4.403424135610304,0
11.353079892117492,-4.222643147850572,0
11.509838985931589,-3.80624277927388,0
11.616834816525419,-3.795664370447679,0
11.723378139378736,-3.3755890517575686,0
11.927862466600022,-3.046665968296717,0
12.47434262476588,-2.6428985576286728,0
12.386026732277202,-2.3589254678172478,0
12.018406397528553,-1.6041414659272557,0
12.31285706729613,-1.7628445730210431,0
12.61915234236106,-1.5303701226104576,0
12.445060033766095,-1.1218470568225285,0
12.059559588935139,-1.0264096517432733,0
12.39932971497188,-0.09488307702346332,0
12.408637913862307,-0.21853075335759056,0
12.397189304997484,0.26223149373616983,0
-0.19182302076704938,-0.0610275748071893,1
0.5412099701971788,-0.1322840529700891,1
0.4322673075073779,-0.23396468363915177,1
-0.03613091692180359,-0.24543299254661785,1
-0.027605316664049362,0.17501956999263554,1
-0.08716176114767081,0.05460721623709578,1
0.0510946571915246,0.15759464281603977,1
0.2445759092771771,0.4101015169508059,1
0.21083081628396233,-0.5361588371950489,1
-0.026591024251523737,-0.44967234093789377,1
0.5483600272440059,-0.1709811041230708,1
-0.055105374838452625,0.04137282666992917,1
0.4996946904631544,-0.1785862029745566,1
0.4880414011864123,-0.22324624558051503,1
0.23356915261620126,-0.15158995767265016,1
0.4306187304622016,-0.021797333278280193,1
0.5901338596042371,-0.19618407089740242,1
0.287883936377538,-0.38552704760830453,1
0.3458659128163366,-0.15177487386709662,1
0.7959161601296882,-0.4662189722077025,1
0.5518531521436587,-0.07680684658235248,1
0.727613745792103,-0.08624000200555895,1
0.6123530985873707,-0.3451103121853455,1
0.5837354352575111,-0.3232458741768347,1
0.6496193032774726,-0.32139737439860083,1
0.9798931303132595,-0.29771983316177963,1
0.7437192069228435,-0.2884582548680966,1
0.6432473012450053,-0.4007163258653035,1
0.6799744048292421,-0.3549037215280774,1
0.2883869105759944,-0.46532025282121614,1
0.6704414376749721,-0.35944173397903456,1
0.6088623992223223,-0.34316977478534993,1
0.26653977397983214,-0.6362796327680964,1
0.5614997605695333,-0.7619007439951662,1
0.7701609835644078,-0.7013352572481791,1
0.29740022707802327,-0.4799669925777931,1
0.5748868448430506,-0.6127835477998178,1
0.7870430075911969,-0.7712732470854075,1
0.7598120303287808,-0.8154914297919927,1
0.508806237601103,-0.4493850971168613,1
1.0813675265966913,-0.5595840681125166,1
0.4079868392944771,-0.8739785638618911,1
0.7463147860749947,-1.0959303342971427,1
0.5814516561628387,-1.1225167760102062,1
0.41787118393786993,-0.875513574663579,1
0.15984816297403803,-0.5536157008218028,1
0.4173853181803472,-1.19676203315279,1
0.3291651435201722,-1.14425043161032,1
0.6795316461892864,-1.1136935845695972,1
0.4124105063529194,-1.2381705260865203,1
0.3737050626357998,-1.0348957115858064,1
0.07620935741742896,-1.1130296451400656,1
0.5268081555897841,-1.2710316296058572,1
0.6298368976257948,-1.309342492685416,1
0.16695029883605703,-0.9968325441623476,1
0.40123814476030817,-1.4649318686238069,1
0.26039160188563065,-1.4128784582769722,1
-0.26166561499653807,-1.256789636981296,1
0.5242580679384088,-1.6060806291117347,1
0.20670460770107554,-1.802443335842231,1
-0.13896749187431756,-1.4605901601466234,1
0.010782559512588684,-1.6208158920171456,1
0.20047119481190803,-1.6686069056694155,1
-0.24356444427352392,-1.5831625256460684,1
-0.0494220433766695,-1.3620868224546743,1
-0.23561290003930957,-1.1939737621338002,1
-0.38778702993113046,-1.9105991118930656,1
-0.07837117102973683,-1.42303020873089,1
0.0038696279324747784,-1.5750321665379496,1
-0.24748100255074446,-1.837091507763263,1
0.10374825672794041,-1.365863155841897,1
-0.5378666807877122,-1.8369304827896795,1
-0.3034057971580572,-1.8134056702719,1
-0.5071537946575836,-1.8458491104555883,1
-0.3987618059860418,-1.382792401056775,1
-0.6284377426590975,-1.6623986880399608,1
-0.6367766895977204,-1.9758003723104616,1
-0.82891645237945,-1.8940710956464706,1
-0.5278418229032736,-1.3990297192799876,1
-0.735584058044985,-1.7918852093179563,1
-0.8993793385598492,-1.556899493467513,1
-1.1703034861178296,-1.5301869569036421,1
-1.2005733882284728,-2.2528266068730476,1
-0.876106029321041,-1.9474956066586118,1
-1.0899323913911056,-1.9825287814827564,1
-0.9903458906115599,-1.680843057190012,1
-1.2536200461308924,-1.6503560723940225,1
-1.4547316935690147,-1.818060410198968,1
-1.374668836912182,-2.062617124113539,1
-1.4270942105034201,-1.7441823662077682,1
-1.590203436454874,-1.8642711091829622,1
-1.3154981788007245,-2.063382080532714,1
-1.4243237507997843,-1.805608476856615,1
-1.6431769122442175,-1.364086548672309,1
-1.4836158063064049,-1.6118184130918218,1
-1.6989004128922964,-1.3389605223847327,1
-2.1924034182051315,-1.6526607578516286,1
-2.1659366322853626,-1.438014230909251,1
-2.0980512292648243,-1.9645019192041864,1
-2.0439857975785984,-1.8899068922938975,1
-2.0596083356900947,-1.893298749850206,1
-2.0677029777081204,-1.5589764486789426,1
-2.264113269422603,-1.7814593419204243,1
-2.0627885383726356,-1.3783190805553653,1
-2.542826927455722,-1.468908266015566,1
-2.0355224206177525,-1.3478411222067062,1
-2.5038250140628726,-1.0326785659837259,1
-2.419836372060434,-1.4555018652971234,1
-2.589386028130722,-0.7017546395426086,1
-2.6890375051989515,-0.9273334107686085,1
-2.720947780185933,-0.9553502447011626,1
-2.8017773660648326,-1.0481544995083847,1
-2.4652831731069553,-1.1606213685559306,1
-2.486458134240144,-0.8069092970122518,1
-2.692262341196778,-0.7383783944313492,1
-2.657959905408462,-0.8353981480117201,1
-3.059112217794442,-0.5925098925505675,1
-2.9020289675314883,-0.3062052554752297,1
-3.2507631091507916,-0.4599955967297923,1
-3.323197245963402,-0.1940204666160142,1
-3.0096099909343064,-0.2580289639258479,1
-3.1454229924243675,-0.31904444363216444,1
-3.347111573444989,-0.031139717240835474,1
-3.2369063357344525,-0.1991692176383833,1
-3.0006105721809875,-0.1442477626121387,1
-2.933527797758619,-0.028983708387182276,1
-3.4031835802821,-0.3544040839268116,1
-3.208681585710769,-0.2901661147206984,1
-3.390095684614126,0.11437187374701013,1
-3.2161265064975475,0.2692094095601214,1
-3.456542387271691,0.6986155306400132,1
-3.3553181119496864,0.5109149055577517,1
-3.5523572699643,0.6880966215711242,1
-3.2309167665858745,0.9092526426838314,1
-3.6719516214581054,1.0669594097948938,1
-3.017561086069371,0.9973507564898679,1
-3.20458895081648,0.9308857437794891,1
-3.168009494327913,1.134632651276989,1
-3.3136953348551192,0.7456178209516471,1
-3.2954920625258515,1.260093009242203,1
-3.0587672525482317,0.8997001794918318,1
-3.015084405070334,1.2690414523957998,1
-3.3278432913892377,1.2861971409638724,1
-3.4448919910167057,1.9560709381869323,1
-3.273764790952909,1.7112751974550553,1
-3.468346129982657,1.8107714728766953,1
-3.052168587001856,2.0540922309357366,1
-3.2795645140567693,1.8324482336623225,1
-3.124436900807345,2.2035705486079444,1
-3.2950415119364793,1.9306471367043703,1
-2.750074515296414,2.220191937243669,1
-3.3359948852584456,2.333806278611425,1
-2.9371995817612917,2.3562981746999574,1
-2.6518959127323702,2.370771232464881,1
-3.081406612524528,2.6308469599731006,1
-3.3870934498279146,2.758617634272652,1
-2.9556915572909745,2.8230855289909162,1
-2.892226792050422,2.7278212807181736,1
-2.79978689510898,2.618336630996025,1
-2.1566827615857376,3.076653001214609,1
-2.442746873606883,3.2752441076721452,1
-2.7646623822364393,3.320274368718333,1
-2.1827082888233553,3.7244858081241023,1
-2.316795310424308,3.2708768408051427,1
-2.5044886538817197,3.558619429090255,1
-2.31105086174881,3.6151257492636164,1
-2.0594462295860247,3.745842045437342,1
-2.337356087257605,3.5411846402547167,1
-1.7460305920701356,3.9953736513846447,1
-2.0066094886093824,3.8345586454626055,1
-1.849277222247082,4.005281495687187,1
-1.4954264272410647,3.5208825147251286,1
-1.4270763539198492,4.206768830201341,1
-1.7686847187807104,4.181966596029254,1
-1.5664273008743175,4.202022665850966,1
-1.586352294092214,4.11530471761056,1
-1.2168446792568395,4.5935771845884465,1
-0.9118560269638476,4.349098759126298,1
-0.9188658919576724,4.439058664345933,1
-0.9994697786217115,4.4078661453481205,1
-0.9181385736977731,5.074644136062403,1
-0.9260713244986041,4.1953544500230375,1
-0.6064098122746209,4.0956146016447335,1
-0.20045297732338446,4.77771933820945,1
-0.4119311862342513,4.510209808171847,1
-0.40599583200449624,4.646917328592961,1
-0.026829125285020627,4.444434096908977,1
-0.2540534745607422,4.685210716750998,1
0.032616606914180155,4.453491729221887,1
0.36772718333082643,4.523187012682348,1
0.3539373076180968,5.184677895787383,1
0.11261866481234423,4.654174071984441,1
0.39837069895076294,4.403175689696457,1
0.6758809471747335,4.937413209121561,1
0.27299211147095204,5.006845308200663,1
0.8869931539421987,4.799267906733016,1
1.3222316096991027,4.720180778597501,1
0.8878488133592454,4.989186451152967,1
1.060507924868773,4.72960024868649,1
1.3348914362295852,4.8028120288386384,1
1.6080459502112152,4.622884051137775,1
1.594079404217414,4.612136820328247,1
1.7567269394261977,4.892975182286035,1
2.19295058022754,4.800408101395149,1
1.8479298511971896,4.81156613389101,1
2.3602605105109262,4.938988816887244,1
2.451812561691736,4.385458746304236,1
2.539275172233422,5.119867050365178,1
2.5692207267793976,4.667001933417531,1
2.8572497700487913,4.305446144448154,1
3.075098140258166,4.389265464996792,1
3.0233467779090772,4.229137961385446,1
3.0593691539107173,4.413868634004287,1
2.961979835876011,4.254885592658585,1
3.5036979839582134,4.262556247371654,1
3.448430269977756,3.984937425519605,1
3.75835140677812,4.124830652315088,1
4.084573464416808,3.9174181860590527,1
3.944124024207984,3.7490278162352966,1
3.7260666986276383,3.9322520370082032,1
4.241114902108433,3.6104421901877464,1
4.106100066320139,3.8126515334087205,1
4.542490166791618,3.6710730525877726,1
4.476702405263281,3.5415847443761823,1
4.54316471244818,2.9569038973432185,1
4.549943312509325,3.3400948539406814,1
4.816629205015857,2.8143614945579234,1
5.209736066358956,2.7901690820137315,1
4.864312173646825,2.8143877449865746,1
5.099169904926055,2.8601868160866264,1
5.01637217000625,2.801681394409535,1
4.981762563659976,2.9090900568294225,1
5.169008663252099,2.6944280883155955,1
5.0778555419125295,2.2146910912208524,1
5.797184579355545,2.2180591888269294,1
5.756323872883783,2.2834071398730402,1
5.707515725100563,2.015228774590067,1
6.065402562306872,2.1723531287459585,1
5.692908806817737,1.8571387079105026,1
5.83557803420658,1.3955150958940914,1
5.869897432164457,1.3093635076515628,1
5.956473462386841,1.3944570321866931,1
6.053219715117698,1.2453129375488943,1
6.3505092667768315,1.2818570420922375,1
6.034145451609345,0.5887133945966744,1
6.219895487235778,0.6165166695814353,1
6.034943379455407,0.32599749802601924,1
6.429650872904454,0.3235112495787493,1
6.05407851692405,0.34246329175333146,1
6.187924914340115,-0.21140557889224693,1
6.45704342465471,-0.18586950050044707,1
6.682740288225098,-0.19983230373447625,1
6.408976654206105,-0.33365902941695547,1
6.521265852723066,-0.40247773531784126,1
6.54746504990953,-0.8453766938781557,1
5.9959652319813905,-0.9318183315815403,1
6.440636341307899,-0.8142765428412166,1
6.690906596185469,-1.1546120194580507,1
6.003971800702879,-1.4236782237987766,1
6.450575119190422,-1.6884837071616876,1
6.6065342624452486,-1.7950656309669986,1
6.467888055593782,-1.96063810453043,1
6.272573507863789,-2.090236406010291,1
5.966712412807973,-2.1849277247779484,1
6.562160533175329,-2.005513834824332,1
6.03174868190189,-2.658551313528411,1
6.1546600763116075,-2.492928362414996,1
5.889407884291995,-2.9789958592377093,1
6.035076311193849,-3.2359121639226047,1
6.055647885812032,-3.4518684015465957,1
5.517755189709415,-3.277458835333714,1
5.873711093064575,-3.228176561364473,1
5.976836516811319,-3.8565389717268403,1
6.00510171165164,-3.740744891048611,1
5.714008813359971,-3.794524832714622,1
5.561292783255327,-4.16719896692853,1
5.558736347374406,-4.017915406531318,1
5.59049268977216,-4.415582780308137,1
5.50197127882533,-4.551144246093878,1
5.12031191477302,-4.941524747188266,1
5.046717131087685,-4.97480299269682,1
5.328123557770273,-4.925293520245745,1
4.905930582099954,-5.1064585080189335,1
4.426019722805169,-5.2889235472965845,1
4.459094724862727,-5.44263137925067,1
4.644579509709163,-5.5515827405044655,1
4.202960301645143,-6.030076795861701,1
4.230352162464155,-5.320513915280327,1
4.088184926226027,-5.83723392512621,1
4.007839164429091,-6.290845763713721,1
3.4117796867803096,-6.0736161235554205,1
3.775306889326647,-6.099764261837447,1
3.667938350277481,-6.359882281970696,1
3.3140584725918023,-6.502843212493544,1
3.1074418552343706,-6.608220414328881,1
2.9196668381276822,-6.917746344747769,1
2.814536560857552,-6.552845199258217,1
2.527778579690942,-7.012962636908888,1
2.2825607750906682,-6.886605454799985,1
2.4131788567200196,-7.205409103185156,1
2.373142417316922,-7.188532275258807,1
1.9999023036139576,-7.541771439021109,1
1.955644891763175,-6.820463047479929,1
1.6829273410791672,-7.303416225572106,1
1.6144400656119529,-7.640165235704206,1
1.6253160457278355,-7.409427959831834,1
1.2803892438202105,-7.714399042836967,1
0.6670578804131402,-7.883308090467024,1
0.728148109097942,-7.9045398641720395,1
0.6800222327330525,-7.810850934202746,1
0.563796753447535,-7.706598297654679,1
0.20644929401495596,-7.90516630667987,1
-0.23137188564899255,-7.8490828119751,1
-0.13586663076830952,-7.726317882347269,1
-0.29251748658976434,-7.785484689882775,1
-0.5191059172606907,-7.591649995611617,1
-0.5780511855070148,-7.958951348548613,1
-1.0845764688157926,-7.923170216577655,1
-1.6930680180934985,-7.779225284167017,1
-1.3817299107803955,-7.88417391372171,1
-1.9154213562426388,-7.816961601025401,1
-2.2640306151735166,-7.692186420974155,1
-2.0734211472183173,-7.781383122479434,1
-2.506725376385212,-7.705916527659439,1
-2.181696327301938,-7.616462573349329,1
-2.605746928951384,-7.7983033419721615,1
-2.9795749041368182,-7.774126121488405,1
-2.7320836047146306,-7.7457653542794125,1
-3.4662466725856085,-7.915924440383057,1
-3.3641721398594444,-7.311128859549465,1
-3.80817282204518,-7.476698835757597,1
-3.8482476324459682,-7.422347223609479,1
-3.905441957659724,-7.053691248754808,1
-4.078486716616684,-7.184732276602139,1
-4.625793638726017,-6.819665808695986,1
-4.507597206893071,-7.1344765586256385,1
-5.003846053573168,-6.852549795927748,1
-5.3584598711056595,-7.032861080920477,1
-4.982408290008733,-6.651708627143056,1
-5.537194716989152,-6.562962854175868,1
-5.285038753956393,-6.478933168726557,1
-5.605499633615178,-6.576497015392108,1
-6.225557010349253,-6.54280394927273,1
-5.924371582977395,-6.086609505019775,1
-6.206339301821501,-6.066991848701824,1
-6.126020055006962,-5.900762471949757,1
-6.492063315653236,-5.412331075318258,1
-6.719539473547242,-5.211988292147339,1
-7.167203233218713,-5.423655155830146,1
-6.92495234182065,-5.463693806954301,1
-7.411168758546575,-5.040428621106815,1
-7.262779770205799,-5.068276704783623,1
-7.638308365183262,-4.825317751469007,1
-7.475441561116365,-4.363536056804001,1
-7.555307246458338,-4.281872706672396,1
-7.888508544337503,-4.0627920095202406,1
-7.850212153884689,-3.6234388756034166,1
-8.335258768347362,-3.492971708932259,1
-8.09591169492148,-3.8913370059820576,1
-8.358003496225974,-3.11518452367251,1
-8.43946133999351,-3.0837502808094523,1
-8.901148931472743,-2.59566057834609,1
-8.635001695743982,-2.7594259378934884,1
-8.724484509072354,-2.773938475046049,1
-8.538198720452556,-2.147224307102862,1
-8.89229989901103,-2.0157896585062542,1
-9.109853424788147,-2.038215006582818,1
-8.992479447133988,-1.5141853107963266,1
-8.986379168916063,-1.497840672376819,1
-9.338079745603741,-1.1746422769884166,1
-9.346177177676612,-1.1806603013062953,1
-9.481314865373065,-0.795820483979653,1
-9.269046869765775,-0.24861779491661457,1
-9.654189776604257,-0.13535817640026665,1
-9.52078466064504,-0.599016143808962,1
-9.286387568539535,-0.2552647694455427,1
-9.36252152547485,0.4018790629355241,1
-9.898383247895273,0.8465897983455355,1
-9.306929495445141,0.6405283463609226,1
-9.672841972937961,1.0376047354357478,1
-9.115596818308138,1.3691694311530582,1
-9.346374362291659,1.6469744101915118,1
-9.010942202576501,1.9282753201868303,1
-9.449269125382596,2.3253482884502743,1
-9.049176326248885,2.3590477160340035,1
-9.089942391673437,2.6910118576333084,1
-9.352993297813056,2.7176641723275257,1
-9.560556079000634,3.221123563255575,1
-8.958954128791838,3.2927584293640275,1
-9.370351630470108,3.7732905092063564,1
-8.995826525861393,3.9282740662841813,1
-9.1810808149614,3.823402256313803,1
-9.105475034612823,4.5503961862301185,1
-8.641569912468045,4.429481405808001,1
-8.742515338396657,4.192137547301172,1
-8.724902547573297,4.878800535472233,1
-8.537381464636022,4.9409591579996235,1
-7.9957235247239815,5.256535789645659,1
-8.345250933845925,5.564944256082076,1
-7.763874053671992,5.544917717267749,1
-8.045578856614691,6.10017480360146,1
-7.7077346333104,6.325003594560506,1
-7.880713180443088,6.6702201199302,1
-7.818130308826617,6.468770428857496,1
-7.399250865267346,7.1399280740619755,1
-6.97350535542622,7.27421109042154,1
-7.125185519273675,7.430788516442437,1
-7.028990326707658,7.682176085538529,1
-6.670334041034262,7.435469394690237,1
-6.711254701358095,8.06395591614952,1
-6.5261143725377915,7.981289953973493,1
-6.03237792183004,8.084097960140008,1
-6.154799684459568,8.040035228494542,1
-5.973069576110962,8.644025036808396,1
-5.595253236218322,8.947963119342283,1
-5.302876602611298,8.858341732215553,1
-5.30412160058452,9.275010761685929,1
-4.804846430033514,9.21622104738743,1
-4.203375329785847,9.264624434608995,1
-4.375813838163548,9.241283124553352,1
-4.205744279259496,9.857849828919937,1
-4.056556091928311,9.74671549201688,1
-3.6962710037536644,9.744780193617316,1
-3.3183523519101614,10.099354695131789,1
-3.0399344452976766,9.946633345224987,1
-2.8541700092677957,10.352517080936444,1
-2.885808621384193,9.936320150582604,1
-2.6492767701169457,10.292145449508887,1
-2.3526181992832607,10.536679143941063,1
-2.0785237401444805,10.609125394381863,1
-1.825274504298174,10.803736195975501,1
-1.6965654835687345,11.019161001864681,1
-1.3515085777723028,10.883522759545384,1
-1.2352441336370727,10.96027713735741,1
-0.8802627352406743,10.562769472721586,1
-0.3303058243119526,10.798202134909028,1
-0.3231391333396432,10.904056639867111,1
0.18486910399733192,10.83802378353187,1
0.20557264807273462,11.044868473071821,1
0.7192703130878045,11.302578412348016,1
0.6991626522131299,11.01982059323055,1
1.3085347664163935,11.135384393805033,1
1.1302367979966135,10.88105542771872,1
1.6316750571892986,11.18366564704646,1
1.9353203445547802,11.463088327805462,1
2.539049394243527,10.877767908090476,1
2.6539620826969172,10.754605913912341,1
2.9051066523420843,10.930137505153839,1
3.175540673686249,10.979427356962056,1
3.481155556455343,10.814491254424059,1
3.8637434715046375,10.816390935998532,1
4.239483470430179,10.707186371861628,1
4.191268128910091,10.697826367083422,1
4.786666422040646,10.737623774493345,1
4.653773260363192,10.256457480639124,1
5.059911974910821,10.16609212835884,1
4.991871970880878,10.218608698396555,1
5.881282088172404,9.973593655518519,1
6.147678174929792,10.034913383834562,1
6.29378598602047,9.866537961545374,1
6.560312229851159,9.619711550443181,1
7.220120158781701,9.518485967839567,1
6.761667064752198,9.641964291216105,1
7.320144270631736,9.258993057297696,1
7.4284455336666335,9.16079116595462,1
7.723108439094029,8.694870533136116,1
8.05767478917143,8.697165278017177,1
8.292310139690935,8.386333398898048,1
8.428733211224909,8.35228067750807,1
8.710844291297615,7.916326327318166,1
8.984269477730132,7.849829365712524,1
9.126889030738395,7.592593321383153,1
9.180906054783115,7.3427670291385745,1
9.510223051224104,7.249341257487853,1
9.974543332701405,7.175563949476154,1
9.693863907638338,6.848572659871195,1
10.230578509550545,6.462646712939463,1
10.498151843053808,6.6893875343142986,1
10.240344071797342,6.041795066260774,1
10.244510556646519,5.612922129230908,1
11.033129999104098,5.739215606666635,1
11.12555605819646,5.6060440346514335,1
11.388288205801562,5.074638801566496,1
11.26225124397164,4.695270972988437,1
11.058329964844075,4.515035651304806,1
11.701893197919178,4.079104883468961,1
11.834986276271048,3.784277405474242,1
11.952263423493209,3.5701078851372734,1
11.931613354676816,3.693455011403778,1
12.010684052367852,3.1480550032342918,1
12.086212782368127,2.5718466425733353,1
12.021805645434874,2.5559721054051314,1
12.646548586349843,1.9970726433124129,1
12.056916959114119,2.0451967918171126,1
12.090327634665476,1.3745025391301644,1
12.561258467152573,1.4516005088856636,1
12.842362288822201,0.757300660682691,1
12.362860210263108,0.24592635334077384,1
12.44506839846597,0.23113576443253941,1
12.844335135334195,0.1690500072402053,1
